"cliente_id","apellido","created_at","direccion","email","estado","fecha_nacimiento","nombre","telefono","updated_at","tenant_id"
"1","General","2023-06-02 00:00:00","Sin dirección","cliente@general.com",True,"2020-10-15 00:00:00","Cliente","+591 70000001","2023-06-02 00:00:00","1"
"2","Cantón","2023-11-20 12:21:43","Vial Maite Calatayud 719, Albacete, 07140","feliciana.cantón@gmail.com",True,"1970-04-02 00:00:00","Feliciana","+34 982908386","2024-01-15 12:21:43","1"
"3","Sanchez","2023-08-17 19:34:43","Ronda Noé Lobo 63, Ávila, 25898","isidro.sanchez@hotmail.com",True,"1978-11-06 00:00:00","Isidro","+34924940781","2023-10-02 19:34:43","1"
"4","Pinedo","2023-10-08 00:44:48","Avenida Artemio Goñi 41 Apt. 64 , Santa Cruz de Tenerife, 24909","ágata.pinedo@gmail.com",True,"1979-08-11 00:00:00","Ágata","+34926 341 928","2023-10-24 00:44:48","1"
"5","Hierro","2025-05-12 22:44:44","Paseo de Isidoro Morata 4 Apt. 56 , Asturias, 14826","luisina.hierro@gmail.com",True,"1993-01-06 00:00:00","Luisina","+34913767242","2025-06-13 22:44:44","1"
"6","Jódar","2024-03-28 13:14:14","Urbanización de Emiliano Vergara 11 Apt. 22 , Pontevedra, 05163","jose manuel.jódar@hotmail.com",True,"1980-05-22 00:00:00","Jose Manuel","+34975 84 80 18","2024-05-15 13:14:14","1"
"7","Lasa","2025-04-09 20:17:49","Ronda de Fausto Santiago 5, Málaga, 07973","maricela.lasa@hotmail.com",True,"1996-12-20 00:00:00","Maricela","+34900 89 32 52","2025-04-20 20:17:49","1"
"8","Abascal","2025-02-26 12:25:50","Via Úrsula Parejo 13 Apt. 91 , Toledo, 32849","calista.abascal@hotmail.com",True,"1959-02-17 00:00:00","Calista","+34986 22 78 24","2025-03-30 12:25:50","1"
"9","Rocha","2023-11-29 10:18:15","Acceso de Urbano Villar 41 Apt. 15 , Palencia, 37301","belén.rocha@gmail.com",True,"1994-06-18 00:00:00","Belén","+34876 010 310","2024-01-26 10:18:15","1"
"10","Murillo","2024-10-27 12:59:00","Glorieta de Calista Catalán 497 Piso 6 , Badajoz, 07352","rosalina.murillo@gmail.com",True,"1983-10-02 00:00:00","Rosalina","+34 926 66 70 10","2024-11-02 12:59:00","1"
"11","Nicolau","2024-05-12 21:12:37","Paseo Vidal Checa 52, Ciudad, 05940","samuel.nicolau@gmail.com",True,"1991-11-14 00:00:00","Samuel","+34825080132","2024-07-06 21:12:37","1"
"12","Torralba","2024-01-20 03:41:22","Rambla Reynaldo Abril 84 Piso 6 , Burgos, 13445","santos.torralba@yahoo.com",True,"1969-03-26 00:00:00","Santos","+34807 98 05 00","2024-02-29 03:41:22","1"
"13","Tapia","2023-07-04 13:29:34","Rambla Bruno Bayo 26, Palencia, 39962","daniela.tapia@hotmail.com",True,"1996-07-26 00:00:00","Daniela","+34822 69 98 54","2023-07-23 13:29:34","1"
"14","Miralles","2023-11-16 06:08:20","Cañada Zacarías Molina 1 Piso 9 , Asturias, 36234","hernando.miralles@gmail.com",True,"1988-11-04 00:00:00","Hernando","+34 884251354","2024-01-08 06:08:20","1"
"15","Ríos","2024-09-15 11:29:59","Via de Selena Cañizares 21, Cuenca, 19465","fausto.ríos@hotmail.com",True,"1968-10-02 00:00:00","Fausto","+34924 348 740","2024-10-25 11:29:59","1"
"16","Roda","2023-08-29 14:08:06","Vial de Febe Juárez 97, Navarra, 01633","cirino.roda@yahoo.com",True,"1959-07-17 00:00:00","Cirino","+34 845 80 59 82","2023-09-30 14:08:06","1"
"17","Castell","2025-02-13 23:37:46","Acceso Humberto Iborra 6 Puerta 6 , Ciudad, 11649","tito.castell@gmail.com",True,"1966-06-20 00:00:00","Tito","+34 947 02 56 34","2025-03-23 23:37:46","1"
"18","Campoy","2025-04-05 01:21:41","Glorieta Olga Seguí 44 Apt. 03 , Guipúzcoa, 19258","feliciano.campoy@yahoo.com",True,"1959-02-22 00:00:00","Feliciano","+34886 586 850","2025-04-17 01:21:41","1"
"19","Julián","2023-10-29 07:58:47","Ronda Onofre Mir 99, Jaén, 38787","david.julián@gmail.com",True,"1971-10-03 00:00:00","David","+34803 608 835","2023-11-07 07:58:47","1"
"20","Becerra","2024-11-01 03:50:15","Cañada Anunciación Mendoza 75 Puerta 4 , Cantabria, 28554","tomás.becerra@hotmail.com",True,"1980-03-21 00:00:00","Tomás","+34849994680","2024-11-24 03:50:15","1"
"21","Madrid","2023-12-03 02:55:21","Pasaje de Vasco García 272 Piso 8 , Ávila, 50226","marco.madrid@gmail.com",True,"2000-03-15 00:00:00","Marco","+34902 33 20 03","2024-01-20 02:55:21","1"
"22","Beltran","2025-02-17 06:20:55","Cuesta de Salomón Hervás 20, Ceuta, 12526","aitana.beltran@yahoo.com",True,"2001-10-10 00:00:00","Aitana","+34 984 70 83 17","2025-02-27 06:20:55","1"
"23","Sobrino","2024-01-02 23:31:19","Paseo de Victor Manuel Cuenca 57 Apt. 48 , Santa Cruz de Tenerife, 16679","eliseo.sobrino@hotmail.com",True,"1984-05-09 00:00:00","Eliseo","+34 822434558","2024-02-05 23:31:19","1"
"24","Chacón","2024-04-01 05:01:43","Glorieta Bernardo Ribera 95 Piso 6 , Castellón, 28534","cecilio.chacón@gmail.com",True,"2006-10-21 00:00:00","Cecilio","+34 729 67 05 46","2024-05-20 05:01:43","1"
"25","Rius","2024-09-29 00:21:54","Callejón Tristán Torralba 7 Piso 6 , Lleida, 09364","reyna.rius@hotmail.com",True,"1990-10-07 00:00:00","Reyna","+34736 990 162","2024-11-27 00:21:54","1"
"26","Serrano","2023-06-18 17:59:07","Alameda de Héctor Sanz 75 Piso 6 , Ávila, 31822","roxana.serrano@gmail.com",True,"2005-05-23 00:00:00","Roxana","+34 988 053 100","2023-07-21 17:59:07","1"
"27","Flores","2024-09-17 08:34:06","Cuesta Haydée Carbó 537, Cáceres, 40707","jose miguel.flores@gmail.com",True,"2005-04-25 00:00:00","Jose Miguel","+34828 241 904","2024-11-14 08:34:06","1"
"28","Perez","2024-10-29 12:18:22","Via Josefina Mata 119, Murcia, 29074","coral.perez@yahoo.com",True,"1979-08-21 00:00:00","Coral","+34820850671","2024-10-29 12:18:22","1"
"29","Paredes","2025-03-06 01:27:47","Rambla de Macarena Vélez 99, Lleida, 29545","toribio.paredes@hotmail.com",True,"2004-03-01 00:00:00","Toribio","+34884531473","2025-04-13 01:27:47","1"
"30","Sobrino","2024-11-29 07:40:01","Cuesta Renata Morcillo 47 Piso 4 , Cuenca, 40069","maricela.sobrino@hotmail.com",True,"1973-03-21 00:00:00","Maricela","+34708313678","2024-12-19 07:40:01","1"
"31","Hernandez","2024-07-20 01:45:24","Plaza de Ciro Mariscal 46 Piso 9 , Lugo, 37272","marta.hernandez@hotmail.com",True,"1977-10-24 00:00:00","Marta","+34949 855 744","2024-08-20 01:45:24","1"
"32","Gual","2024-01-19 19:05:20","Paseo María Belén Esteve 83 Piso 9 , Badajoz, 13721","josé.gual@gmail.com",True,"1969-11-25 00:00:00","José","+34927 240 824","2024-01-20 19:05:20","1"
"33","Ballester","2023-07-13 14:23:10","Via de Salud Alberola 847, Guipúzcoa, 13082","artemio.ballester@hotmail.com",True,"1971-08-08 00:00:00","Artemio","+34977 116 719","2023-07-20 14:23:10","1"
"34","Baeza","2025-04-01 19:19:24","Urbanización Diego Rico 499 Puerta 6 , León, 20487","eva.baeza@gmail.com",True,"1994-06-20 00:00:00","Eva","+34 954990913","2025-05-30 19:19:24","1"
"35","Galván","2024-06-02 16:27:29","Rambla Carmina Benavides 70, Tarragona, 39916","eufemia.galván@yahoo.com",True,"1974-03-29 00:00:00","Eufemia","+34743 447 134","2024-06-25 16:27:29","1"
"36","Figuerola","2024-09-07 21:04:46","Callejón Pascuala Cisneros 1, Zamora, 21159","mirta.figuerola@yahoo.com",True,"2005-05-21 00:00:00","Mirta","+34 888717464","2024-11-02 21:04:46","1"
"37","Uribe","2024-09-01 17:25:09","Alameda de Elisabet Ibáñez 2, Soria, 38696","angelita.uribe@yahoo.com",True,"1955-10-31 00:00:00","Angelita","+34884 90 27 87","2024-10-24 17:25:09","1"
"38","Lobo","2024-04-09 17:37:32","Cuesta Pablo Real 25 Apt. 56 , Girona, 44423","yésica.lobo@gmail.com",True,"2006-03-04 00:00:00","Yésica","+34 800715451","2024-05-30 17:37:32","1"
"39","Quintero","2024-08-03 06:51:03","Calle de Godofredo Villegas 89 Puerta 7 , Castellón, 18501","maría teresa.quintero@hotmail.com",True,"1963-05-03 00:00:00","María Teresa","+34 888 771 093","2024-08-22 06:51:03","1"
"40","Cuadrado","2024-06-04 11:28:10","Urbanización Prudencia Carballo 31 Piso 4 , La Rioja, 32621","leire.cuadrado@yahoo.com",True,"1971-01-02 00:00:00","Leire","+34973 82 63 98","2024-06-19 11:28:10","1"
"41","Cerezo","2024-08-05 09:08:27","Pasadizo de Juanito Acedo 84 Apt. 78 , Huelva, 22786","margarita.cerezo@gmail.com",True,"2006-05-02 00:00:00","Margarita","+34988675339","2024-08-08 09:08:27","1"
"42","Guillen","2023-08-20 03:24:55","C. de Rolando Cornejo 30 Puerta 9 , Badajoz, 29855","rodolfo.guillen@yahoo.com",True,"1990-03-18 00:00:00","Rodolfo","+34973 02 62 17","2023-09-04 03:24:55","1"
"43","Landa","2024-11-16 06:47:14","Paseo de Ricardo Moliner 18, Ciudad, 42363","merche.landa@yahoo.com",True,"1973-12-22 00:00:00","Merche","+34877161172","2025-01-11 06:47:14","1"
"44","Marí","2023-08-04 00:43:53","Cañada Plinio Perera 42 Puerta 6 , Cáceres, 12473","joaquina.marí@gmail.com",True,"1995-11-24 00:00:00","Joaquina","+34 942937923","2023-09-09 00:43:53","1"
"45","Izquierdo","2024-10-11 23:20:07","Cañada de Inés Cruz 8, Palencia, 20605","íñigo.izquierdo@yahoo.com",True,"1983-04-18 00:00:00","Íñigo","+34881743671","2024-12-10 23:20:07","1"
"46","Pizarro","2024-09-17 05:09:59","Plaza de Paula Priego 10 Puerta 7 , Vizcaya, 16081","jordi.pizarro@hotmail.com",True,"1978-05-24 00:00:00","Jordi","+34 876 39 42 10","2024-09-22 05:09:59","1"
"47","Saez","2025-05-13 05:17:10","Cañada Nacho Ribes 33, Melilla, 33885","martin.saez@gmail.com",True,"1972-12-18 00:00:00","Martin","+34 848 474 517","2025-05-18 05:17:10","1"
"48","Chico","2023-08-26 20:22:20","C. Alberto Lamas 617 Puerta 4 , Santa Cruz de Tenerife, 25344","carlos.chico@gmail.com",True,"2000-05-05 00:00:00","Carlos","+34878 70 98 59","2023-10-11 20:22:20","1"
"49","Barroso","2023-09-17 01:36:57","Via de Enrique Arrieta 5 Piso 1 , Ciudad, 36228","ismael.barroso@hotmail.com",True,"1980-11-12 00:00:00","Ismael","+34 973 58 69 26","2023-10-18 01:36:57","1"
"50","Cabeza","2024-01-03 23:27:27","Acceso Isaac Salcedo 63 Apt. 58 , Almería, 27092","fátima.cabeza@yahoo.com",True,"1967-05-03 00:00:00","Fátima","+34837 13 90 05","2024-02-24 23:27:27","1"
"51","Casas","2024-07-27 07:00:02","Camino Inocencio Guijarro 12, Burgos, 09519","jose francisco.casas@hotmail.com",True,"1971-06-24 00:00:00","Jose Francisco","+34849102053","2024-07-31 07:00:02","1"
"52","Morante","2023-11-22 18:38:29","Vial Manuela Robledo 811 Piso 5 , León, 34019","dionisia.morante@gmail.com",True,"1996-04-11 00:00:00","Dionisia","+34 803 84 70 07","2024-01-09 18:38:29","1"
"53","Querol","2024-07-19 18:57:03","Avenida de Trini Berrocal 39 Apt. 24 , Jaén, 40150","rebeca.querol@yahoo.com",True,"1974-06-27 00:00:00","Rebeca","+34 973 89 61 18","2024-08-22 18:57:03","1"
"54","Garrido","2024-11-01 07:09:50","Alameda de Pastora Santana 26, Las Palmas, 21481","lorena.garrido@yahoo.com",True,"1971-10-07 00:00:00","Lorena","+34932 71 11 16","2024-12-20 07:09:50","1"
"55","Peralta","2024-07-01 19:30:36","Ronda Paulino Rocha 5 Puerta 4 , Badajoz, 38874","clemente.peralta@gmail.com",True,"1968-11-23 00:00:00","Clemente","+34 846 73 15 85","2024-07-09 19:30:36","1"
"56","Lopez","2024-10-26 06:26:48","Callejón Ambrosio Escribano 64 Piso 0 , Burgos, 38114","darío.lopez@hotmail.com",True,"1981-09-10 00:00:00","Darío","+34820 20 18 36","2024-11-03 06:26:48","1"
"57","Santiago","2024-10-29 20:05:10","Alameda de Maxi Blazquez 3 Apt. 90 , Cuenca, 30039","simón.santiago@yahoo.com",True,"1983-04-10 00:00:00","Simón","+34978 97 64 38","2024-12-10 20:05:10","1"
"58","Ochoa","2024-01-23 19:31:07","Pasadizo de Guadalupe Mendez 4 Piso 9 , Álava, 14397","danilo.ochoa@yahoo.com",True,"1968-10-17 00:00:00","Danilo","+34 843 44 51 07","2024-02-22 19:31:07","1"
"59","Ros","2025-05-19 04:22:01","Pasadizo Celia Pablo 7 Puerta 0 , Albacete, 31130","margarita.ros@gmail.com",True,"1959-09-20 00:00:00","Margarita","+34 919 69 66 41","2025-07-18 04:22:01","1"
"60","Almansa","2024-02-22 09:38:27","Avenida de Ulises Camacho 76 Puerta 1 , Granada, 49877","sandalio.almansa@yahoo.com",True,"1969-07-01 00:00:00","Sandalio","+34922 21 81 88","2024-03-28 09:38:27","1"
"61","Olmedo","2024-10-03 10:28:05","Vial José María Figueroa 39, Cádiz, 51649","guillermo.olmedo@yahoo.com",True,"1988-01-17 00:00:00","Guillermo","+34 975997995","2024-10-13 10:28:05","1"
"62","Molina","2024-01-30 19:04:35","Pasaje de Evangelina Mateo 19, Málaga, 05862","rosario.molina@gmail.com",True,"1985-11-03 00:00:00","Rosario","+34 973 005 411","2024-02-15 19:04:35","1"
"63","Vendrell","2023-08-23 02:04:10","Camino de Florinda Fabra 89, Almería, 30525","encarnacion.vendrell@yahoo.com",True,"1977-10-16 00:00:00","Encarnacion","+34 823 82 03 77","2023-09-25 02:04:10","1"
"64","Yáñez","2024-08-10 01:50:34","Cañada de Roldán Rebollo 19 Puerta 5 , Guipúzcoa, 07193","azucena.yáñez@hotmail.com",True,"2000-08-01 00:00:00","Azucena","+34942 44 92 51","2024-10-04 01:50:34","1"
"65","Cid","2024-01-29 14:20:08","Avenida Martín Peñas 92 Apt. 68 , Albacete, 24763","dafne.cid@yahoo.com",True,"1966-09-08 00:00:00","Dafne","+34875 573 322","2024-03-07 14:20:08","1"
"66","Marqués","2024-11-10 00:58:24","C. Fabio Cámara 39 Puerta 7 , La Rioja, 24874","casemiro.marqués@gmail.com",True,"2003-05-22 00:00:00","Casemiro","+34879 794 738","2024-12-07 00:58:24","1"
"67","Mendoza","2023-09-19 04:35:25","Pasaje de María José Luján 98 Piso 2 , Zaragoza, 40627","jorge.mendoza@yahoo.com",True,"1971-06-07 00:00:00","Jorge","+34806 75 81 81","2023-10-02 04:35:25","1"
"68","Blanes","2023-12-03 19:52:35","Ronda Ciriaco Girona 15 Piso 0 , Málaga, 25507","lucas.blanes@gmail.com",True,"1980-09-12 00:00:00","Lucas","+34822 53 05 15","2024-01-31 19:52:35","1"
"69","Coll","2025-06-02 23:44:12","Vial de Martina Somoza 19 Apt. 04 , Burgos, 36966","máxima.coll@gmail.com",True,"2003-11-28 00:00:00","Máxima","+34 986 614 341","2025-07-06 23:44:12","1"
"70","Gómez","2024-09-23 05:32:09","Cuesta Edelmira Alegre 393, Las Palmas, 01102","asdrubal.gómez@yahoo.com",True,"1978-06-06 00:00:00","Asdrubal","+34 880 962 185","2024-11-10 05:32:09","1"
"71","Zorrilla","2024-10-26 01:58:06","Calle de Fabiola Pombo 14 Piso 1 , Ciudad, 49034","borja.zorrilla@hotmail.com",True,"1997-03-04 00:00:00","Borja","+34826952058","2024-12-11 01:58:06","1"
"72","Díez","2024-07-08 00:06:04","Vial Bernardino Seco 5 Apt. 03 , Guadalajara, 21321","nilo.díez@hotmail.com",True,"1981-07-08 00:00:00","Nilo","+34988740345","2024-08-21 00:06:04","1"
"73","Asenjo","2023-12-27 20:41:19","Acceso Ulises Páez 66 Apt. 77 , Zaragoza, 35031","rosalva.asenjo@hotmail.com",True,"1960-01-16 00:00:00","Rosalva","+34 949 16 92 84","2024-01-08 20:41:19","1"
"74","Calderon","2024-01-02 22:44:15","Pasaje de Elisa Rojas 67 Piso 0 , Salamanca, 29504","miguel ángel.calderon@gmail.com",True,"1997-12-08 00:00:00","Miguel Ángel","+34807165820","2024-02-16 22:44:15","1"
"75","Ríos","2024-05-13 12:16:58","Acceso Porfirio Piñol 309, Huesca, 25380","eric.ríos@gmail.com",True,"2006-05-07 00:00:00","Eric","+34 822 928 565","2024-06-01 12:16:58","1"
"76","Lopez","2024-01-11 12:11:36","Cuesta Aura Pombo 514, Castellón, 41099","florentina.lopez@gmail.com",True,"2001-08-23 00:00:00","Florentina","+34979312172","2024-02-05 12:11:36","1"
"77","Salgado","2025-02-07 21:49:44","Paseo Candela Manrique 32 Piso 8 , Baleares, 14171","trini.salgado@gmail.com",True,"1963-11-14 00:00:00","Trini","+34 879 70 58 95","2025-03-21 21:49:44","1"
"78","Castilla","2023-07-31 07:11:27","C. de Liliana Tejero 266, Guadalajara, 43096","adelia.castilla@hotmail.com",True,"1985-01-15 00:00:00","Adelia","+34975 852 892","2023-09-10 07:11:27","1"
"79","Castelló","2023-11-03 03:59:15","Cañada Fidel Cáceres 63, Ávila, 17423","maría jesús.castelló@yahoo.com",True,"1997-08-20 00:00:00","María Jesús","+34885 24 98 18","2023-11-26 03:59:15","1"
"80","Domingo","2025-01-19 09:48:24","Camino de Ariel Andrade 1, Segovia, 14815","felipa.domingo@hotmail.com",True,"1993-05-09 00:00:00","Felipa","+34 948 907 844","2025-02-16 09:48:24","1"
"81","Hierro","2023-09-23 06:49:59","Avenida de Jennifer Barreda 77 Piso 7 , Guipúzcoa, 40758","almudena.hierro@hotmail.com",True,"1975-09-10 00:00:00","Almudena","+34 920 56 25 88","2023-11-19 06:49:59","1"
"82","Montaña","2024-04-23 11:15:04","Pasaje de Jose Miguel Chico 1, Jaén, 41329","curro.montaña@gmail.com",True,"1971-04-25 00:00:00","Curro","+34 847595327","2024-05-26 11:15:04","1"
"83","Solera","2024-06-22 02:09:04","Avenida Rubén Vega 43 Puerta 5 , Almería, 19438","aránzazu.solera@yahoo.com",True,"1995-01-30 00:00:00","Aránzazu","+34 976480162","2024-07-20 02:09:04","1"
"84","Lamas","2024-05-18 11:52:07","Calle de Salvador Azcona 683 Puerta 4 , Jaén, 34046","sofía.lamas@hotmail.com",True,"2006-06-09 00:00:00","Sofía","+34886991216","2024-05-25 11:52:07","1"
"85","Nicolau","2024-02-17 08:59:00","Pasadizo Samu Vall 1, Barcelona, 47765","raúl.nicolau@hotmail.com",True,"1986-08-28 00:00:00","Raúl","+34984 729 825","2024-03-03 08:59:00","1"
"86","Montalbán","2023-08-27 19:49:56","Pasadizo de Patricia Vergara 579 Piso 0 , Guipúzcoa, 45158","emperatriz.montalbán@gmail.com",True,"1982-10-07 00:00:00","Emperatriz","+34902 097 499","2023-09-10 19:49:56","1"
"87","Aznar","2024-02-02 08:18:23","Vial de Paca Herrera 2, Albacete, 29903","javier.aznar@hotmail.com",True,"1982-12-01 00:00:00","Javier","+34845 63 68 97","2024-02-06 08:18:23","1"
"88","Barrios","2024-11-09 15:45:29","Cuesta de Begoña Peñas 82, Murcia, 24218","salud.barrios@hotmail.com",True,"2006-12-14 00:00:00","Salud","+34 884 973 348","2024-11-30 15:45:29","1"
"89","Gomila","2025-01-24 03:37:05","Alameda de Alexandra Oller 244, La Coruña, 23618","marc.gomila@yahoo.com",True,"1964-05-21 00:00:00","Marc","+34888 041 574","2025-01-25 03:37:05","1"
"90","Tello","2024-12-11 21:10:41","Vial de César Heras 90 Apt. 30 , La Rioja, 22646","mariana.tello@gmail.com",True,"1986-07-26 00:00:00","Mariana","+34 826 208 267","2025-01-17 21:10:41","1"
"91","Flores","2025-04-11 05:19:53","Avenida Florinda Guerra 702 Apt. 06 , Cádiz, 50086","albina.flores@yahoo.com",True,"1974-02-12 00:00:00","Albina","+34 800 04 99 15","2025-05-16 05:19:53","1"
"92","Santos","2023-06-14 15:12:11","Callejón de Guadalupe Capdevila 82, Teruel, 13202","lucas.santos@hotmail.com",True,"2004-07-18 00:00:00","Lucas","+34923 493 296","2023-06-28 15:12:11","1"
"93","Roma","2023-12-03 15:05:20","Via de Gil Checa 45, Córdoba, 26137","pascuala.roma@hotmail.com",True,"1984-10-26 00:00:00","Pascuala","+34884 549 904","2024-01-09 15:05:20","1"
"94","Palomares","2024-03-15 04:10:10","Pasaje Marino Cuesta 58, Santa Cruz de Tenerife, 20335","francisca.palomares@hotmail.com",True,"1996-03-30 00:00:00","Francisca","+34876327279","2024-03-29 04:10:10","1"
"95","Ricart","2023-11-07 17:07:48","Avenida Begoña Salom 251, Navarra, 34127","raúl.ricart@hotmail.com",True,"1993-05-23 00:00:00","Raúl","+34987 225 871","2023-11-07 17:07:48","1"
"96","Fuertes","2024-12-16 11:34:21","Calle de Wilfredo Catalán 167, Soria, 21196","irma.fuertes@hotmail.com",True,"1955-11-26 00:00:00","Irma","+34944 403 910","2024-12-20 11:34:21","1"
"97","Ocaña","2024-05-17 01:59:34","Cuesta Amílcar Madrid 32, Huesca, 26066","teo.ocaña@hotmail.com",True,"1980-02-09 00:00:00","Teo","+34 941 182 512","2024-07-01 01:59:34","1"
"98","Pozo","2024-02-27 13:32:23","Plaza Marc Sierra 768, Ciudad, 31187","brígida.pozo@hotmail.com",True,"1964-12-22 00:00:00","Brígida","+34 886 310 690","2024-04-07 13:32:23","1"
"99","Fábregas","2023-07-17 12:50:52","Calle de Jose Ignacio Arregui 47, Valladolid, 51860","jose angel.fábregas@gmail.com",True,"1963-12-16 00:00:00","Jose Angel","+34981 43 95 99","2023-07-20 12:50:52","1"
"100","Montes","2024-04-30 12:15:02","Ronda Marcelo Llopis 9, Santa Cruz de Tenerife, 45482","maría teresa.montes@gmail.com",True,"1992-03-30 00:00:00","María Teresa","+34980 056 856","2024-05-14 12:15:02","1"
"101","Company","2024-04-22 04:55:26","Urbanización de Reina Gomis 82, Navarra, 28045","sebastian.company@yahoo.com",True,"1992-05-05 00:00:00","Sebastian","+34 986 26 34 35","2024-04-26 04:55:26","1"
"102","Bermúdez","2024-09-02 02:00:30","Calle Julio Pi 290, Zaragoza, 50918","flor.bermúdez@yahoo.com",True,"2003-09-16 00:00:00","Flor","+34 876 735 403","2024-10-29 02:00:30","1"
"103","Carpio","2024-03-08 17:44:17","C. Yolanda Heras 754, Murcia, 43514","goyo.carpio@hotmail.com",True,"1975-05-29 00:00:00","Goyo","+34883 587 717","2024-03-10 17:44:17","1"
"104","Montero","2023-11-03 01:56:04","Calle de Chus Giralt 50 Puerta 9 , Girona, 10988","maría.montero@gmail.com",True,"1976-11-12 00:00:00","María","+34 878693785","2023-12-28 01:56:04","1"
"105","Torres","2023-07-11 09:01:42","Acceso Fortunato Chaves 972 Puerta 0 , Asturias, 44792","josé ángel.torres@hotmail.com",True,"2006-06-07 00:00:00","José Ángel","+34 706 231 203","2023-08-01 09:01:42","1"
"106","Sarmiento","2025-02-24 07:00:14","Plaza de Adolfo Reina 1 Puerta 4 , Albacete, 33913","anselma.sarmiento@yahoo.com",True,"2001-11-28 00:00:00","Anselma","+34 952 11 82 33","2025-02-28 07:00:14","1"
"107","Zurita","2024-10-23 11:10:18","Avenida de Raúl Ramis 49 Puerta 3 , Soria, 06283","estefanía.zurita@yahoo.com",True,"1998-08-24 00:00:00","Estefanía","+34 741 66 68 70","2024-11-24 11:10:18","1"
"108","Agustí","2025-04-23 01:51:58","Ronda de Filomena Muñoz 118, Castellón, 46369","febe.agustí@hotmail.com",True,"1992-12-27 00:00:00","Febe","+34 977 401 489","2025-05-08 01:51:58","1"
"109","Aparicio","2024-08-16 20:37:56","Camino Ernesto Puig 5, Ourense, 16759","gema.aparicio@gmail.com",True,"1980-11-25 00:00:00","Gema","+34 988562185","2024-09-02 20:37:56","1"
"110","Cabañas","2024-03-06 01:27:22","C. de María Ángeles Morera 5, Madrid, 15951","balduino.cabañas@yahoo.com",True,"1992-01-20 00:00:00","Balduino","+34 941 629 619","2024-04-17 01:27:22","1"
"111","Hoz","2024-01-29 03:10:35","Vial de Ricardo Correa 65, Ávila, 01340","manolo.hoz@hotmail.com",True,"1984-09-06 00:00:00","Manolo","+34 927 41 21 26","2024-02-29 03:10:35","1"
"112","Vila","2024-03-30 21:45:44","Acceso Casandra Buendía 795, Girona, 28119","vidal.vila@yahoo.com",True,"1960-03-08 00:00:00","Vidal","+34 880 98 26 22","2024-04-12 21:45:44","1"
"113","Mascaró","2023-12-12 05:25:36","Rambla Trinidad Llorente 84, Huesca, 17495","julio césar.mascaró@yahoo.com",True,"2003-06-24 00:00:00","Julio César","+34980 993 712","2024-01-15 05:25:36","1"
"114","Agudo","2024-04-08 00:22:42","Pasaje de Nicanor Ros 624 Puerta 3 , Guadalajara, 12641","marco.agudo@yahoo.com",True,"1976-02-20 00:00:00","Marco","+34888793564","2024-04-16 00:22:42","1"
"115","Pozo","2024-11-07 09:52:02","Paseo Amando Serrano 57, Zamora, 27813","olga.pozo@yahoo.com",True,"1988-05-25 00:00:00","Olga","+34843434266","2024-12-23 09:52:02","1"
"116","Sanchez","2024-11-10 21:38:46","Paseo de Angelino Palomares 291 Apt. 52 , Ourense, 43272","candelario.sanchez@hotmail.com",True,"1998-06-06 00:00:00","Candelario","+34 945561014","2025-01-08 21:38:46","1"
"117","Vicens","2023-09-01 20:20:38","C. de Abigaíl Vall 15 Piso 1 , La Rioja, 06626","iván.vicens@hotmail.com",True,"2004-02-08 00:00:00","Iván","+34 844545738","2023-10-27 20:20:38","1"
"118","Olivé","2024-07-08 11:28:41","Alameda de Bonifacio Marín 2 Apt. 51 , Valencia, 16985","almudena.olivé@yahoo.com",True,"1966-04-17 00:00:00","Almudena","+34 847586736","2024-08-13 11:28:41","1"
"119","Espinosa","2023-10-26 21:50:19","Glorieta Vinicio Román 40 Apt. 41 , Zaragoza, 36185","eva.espinosa@gmail.com",True,"1979-04-24 00:00:00","Eva","+34921 371 478","2023-12-01 21:50:19","1"
"120","Millán","2024-01-26 21:21:02","Acceso Pastor Seco 224 Puerta 2 , Baleares, 16635","feliciana.millán@hotmail.com",True,"1962-05-18 00:00:00","Feliciana","+34 865286692","2024-02-25 21:21:02","1"
"121","Pla","2024-06-14 02:25:11","Paseo Flavio Tovar 32 Piso 7 , Huelva, 01628","consuelo.pla@yahoo.com",True,"1963-09-17 00:00:00","Consuelo","+34 872688767","2024-06-29 02:25:11","1"
"122","Saldaña","2024-08-16 01:08:36","Urbanización Luís Antúnez 93, Cáceres, 30971","severo.saldaña@yahoo.com",True,"2004-12-12 00:00:00","Severo","+34980 881 914","2024-10-05 01:08:36","1"
"123","Pedraza","2025-01-26 03:28:35","Ronda Cristian Huertas 80 Piso 5 , León, 08693","matilde.pedraza@hotmail.com",True,"1970-07-18 00:00:00","Matilde","+34874959629","2025-02-25 03:28:35","1"
"124","Gabaldón","2025-05-17 07:44:41","Paseo de Florentino Morales 54 Puerta 1 , Valladolid, 27974","emilio.gabaldón@gmail.com",True,"1958-06-15 00:00:00","Emilio","+34 886223253","2025-07-07 07:44:41","1"
"125","Pozo","2024-02-12 21:46:08","C. de Vito Benet 7 Puerta 4 , Lleida, 32984","maría.pozo@yahoo.com",True,"1994-01-08 00:00:00","María","+34 617 51 86 36","2024-03-09 21:46:08","1"
"126","Galán","2024-05-11 10:49:15","Alameda de Carla Castrillo 175 Apt. 17 , Baleares, 11353","paloma.galán@yahoo.com",True,"1985-06-26 00:00:00","Paloma","+34 663 242 415","2024-05-23 10:49:15","1"
"127","Blanca","2023-08-03 05:32:16","Cañada de Lucila Guillén 21, Castellón, 32248","josué.blanca@yahoo.com",True,"1963-06-14 00:00:00","Josué","+34877 870 051","2023-08-09 05:32:16","1"
"128","Roca","2025-01-24 11:00:11","Urbanización Rodolfo Borrell 2 Piso 5 , Barcelona, 26082","rosalina.roca@hotmail.com",True,"2005-09-02 00:00:00","Rosalina","+34842218909","2025-01-30 11:00:11","1"
"129","Córdoba","2024-09-03 15:06:32","Ronda Encarnación Salas 21, Valladolid, 09071","florentina.córdoba@yahoo.com",True,"2004-02-05 00:00:00","Florentina","+34942 565 234","2024-10-15 15:06:32","1"
"130","Blasco","2024-06-22 02:01:49","Glorieta de Aura Vergara 56, Zamora, 16685","filomena.blasco@gmail.com",True,"1980-09-05 00:00:00","Filomena","+34 828379180","2024-07-19 02:01:49","1"
"131","Moliner","2023-07-04 15:04:52","Paseo de Isabela Duque 11 Puerta 1 , Córdoba, 15138","poncio.moliner@gmail.com",True,"1958-07-14 00:00:00","Poncio","+34944 84 86 66","2023-07-26 15:04:52","1"
"132","Corominas","2024-05-08 11:59:08","Pasadizo África Frutos 68 Piso 9 , Granada, 46788","celestino.corominas@yahoo.com",True,"2004-02-04 00:00:00","Celestino","+34879031617","2024-06-04 11:59:08","1"
"133","Ballesteros","2023-09-10 06:48:45","Vial Judith Alberdi 67, Cáceres, 25370","emma.ballesteros@yahoo.com",True,"2005-06-10 00:00:00","Emma","+34884 10 56 48","2023-10-06 06:48:45","1"
"134","Jódar","2025-04-28 07:01:34","Pasadizo de Plácido Baquero 39 Piso 2 , Vizcaya, 07743","bernardo.jódar@hotmail.com",True,"1993-06-22 00:00:00","Bernardo","+34828380003","2025-05-27 07:01:34","1"
"135","Suarez","2023-12-31 09:16:10","Calle Carolina Rius 45, Toledo, 21967","arturo.suarez@yahoo.com",True,"1959-09-20 00:00:00","Arturo","+34931 802 380","2024-02-24 09:16:10","1"
"136","Bayón","2023-12-09 02:44:53","Avenida de Carolina Saura 6 Apt. 49 , Valencia, 41810","salvador.bayón@yahoo.com",True,"1985-12-27 00:00:00","Salvador","+34928 97 38 32","2024-01-24 02:44:53","1"
"137","Redondo","2023-09-22 06:41:19","Alameda Abel Peñalver 41 Puerta 3 , Madrid, 04925","adolfo.redondo@gmail.com",True,"2002-11-06 00:00:00","Adolfo","+34886103865","2023-09-25 06:41:19","1"
"138","Blazquez","2025-05-22 23:19:40","Avenida de Dora Barrios 42, Córdoba, 21644","álvaro.blazquez@hotmail.com",True,"1981-02-27 00:00:00","Álvaro","+34921574313","2025-07-04 23:19:40","1"
"139","Canales","2024-05-19 16:59:58","Pasaje de Mauricio Ramos 9, Vizcaya, 14607","elías.canales@gmail.com",True,"1975-05-27 00:00:00","Elías","+34 975 411 249","2024-06-29 16:59:58","1"
"140","Garrido","2024-04-12 19:04:19","Acceso Ruy Vilanova 5, Cádiz, 03036","apolinar.garrido@yahoo.com",True,"1985-03-11 00:00:00","Apolinar","+34881 171 210","2024-05-23 19:04:19","1"
"141","Girón","2023-09-06 20:44:09","Avenida de Dafne Jove 1 Apt. 37 , Ávila, 22728","bernabé.girón@gmail.com",True,"1957-04-29 00:00:00","Bernabé","+34974029667","2023-09-12 20:44:09","1"
"142","Piñeiro","2024-09-26 14:56:31","Glorieta de Violeta Exposito 84, Alicante, 41246","amor.piñeiro@hotmail.com",True,"1996-05-28 00:00:00","Amor","+34880 47 68 70","2024-09-29 14:56:31","1"
"143","Losa","2024-02-08 11:47:44","Pasadizo Josep Aliaga 85 Puerta 7 , Ourense, 33924","chucho.losa@yahoo.com",True,"1980-11-06 00:00:00","Chucho","+34 885 205 930","2024-03-04 11:47:44","1"
"144","Lucas","2024-03-05 06:41:32","Rambla Cornelio Huguet 94 Puerta 0 , Ourense, 26455","teresita.lucas@gmail.com",True,"1966-03-29 00:00:00","Teresita","+34 853 955 905","2024-04-20 06:41:32","1"
"145","Cisneros","2023-06-04 05:23:45","Rambla de Amor Arellano 1 Apt. 93 , Melilla, 32325","clementina.cisneros@hotmail.com",True,"1976-12-29 00:00:00","Clementina","+34 873 25 25 00","2023-06-25 05:23:45","1"
"146","Cifuentes","2024-05-08 00:28:17","C. de Delia Cabrero 64, Cáceres, 48995","eusebio.cifuentes@gmail.com",True,"1997-12-03 00:00:00","Eusebio","+34 979 528 953","2024-06-28 00:28:17","1"
"147","Echevarría","2023-08-23 13:24:36","Rambla Luisina Abellán 169 Apt. 95 , Santa Cruz de Tenerife, 38063","graciela.echevarría@yahoo.com",True,"1988-03-08 00:00:00","Graciela","+34 844 513 552","2023-10-17 13:24:36","1"
"148","Borrego","2024-05-09 01:40:12","Callejón Hugo Iborra 6 Piso 1 , Almería, 26292","fanny.borrego@hotmail.com",True,"2004-04-09 00:00:00","Fanny","+34948 267 658","2024-05-15 01:40:12","1"
"149","Cadenas","2024-02-24 04:25:17","Avenida de Nerea Aragonés 60, Badajoz, 05862","remigio.cadenas@yahoo.com",True,"1965-12-29 00:00:00","Remigio","+34 941 218 159","2024-03-10 04:25:17","1"
"150","Tolosa","2024-01-20 16:36:16","Ronda Faustino Baeza 6 Apt. 36 , Sevilla, 19449","encarna.tolosa@hotmail.com",True,"1970-08-02 00:00:00","Encarna","+34 825 06 98 72","2024-02-01 16:36:16","1"
"151","Palomo","2023-08-06 08:03:15","Cuesta de Heraclio Caballero 4, Santa Cruz de Tenerife, 20124","baltasar.palomo@gmail.com",True,"1986-08-24 00:00:00","Baltasar","+34828467741","2023-08-18 08:03:15","1"
"152","Ponce","2023-09-29 01:56:04","Rambla de Victor Manuel Arribas 87 Piso 3 , Ourense, 05039","felisa.ponce@gmail.com",True,"2005-08-10 00:00:00","Felisa","+34825 158 693","2023-11-02 01:56:04","1"
"153","Barrera","2024-05-17 11:21:43","Cuesta Marcelino Bermúdez 90 Puerta 8 , Baleares, 50623","carolina.barrera@yahoo.com",True,"1966-03-08 00:00:00","Carolina","+34848 332 061","2024-06-14 11:21:43","1"
"154","Rozas","2024-09-29 15:17:46","Avenida de Chucho Pons 668 Piso 8 , Álava, 46902","isabela.rozas@gmail.com",True,"1994-05-28 00:00:00","Isabela","+34 985616229","2024-10-07 15:17:46","1"
"155","Cabrera","2024-09-18 10:48:40","Ronda de Juan Luis Piñol 89 Apt. 24 , Burgos, 41517","dionisia.cabrera@gmail.com",True,"2000-09-30 00:00:00","Dionisia","+34945 065 307","2024-10-15 10:48:40","1"
"156","Leiva","2024-04-22 09:51:41","Cañada de Lisandro Tur 4 Apt. 47 , Cuenca, 48762","zoraida.leiva@yahoo.com",True,"1995-08-03 00:00:00","Zoraida","+34 824373678","2024-05-03 09:51:41","1"
"157","Pereira","2023-12-14 11:29:25","Pasadizo de Sancho Cerdá 390, Cantabria, 04776","rufina.pereira@gmail.com",True,"1956-09-01 00:00:00","Rufina","+34973 05 34 57","2023-12-31 11:29:25","1"
"158","Puente","2025-03-15 07:39:09","Acceso Amaya Salmerón 97, Huelva, 11716","anselma.puente@hotmail.com",True,"1972-01-09 00:00:00","Anselma","+34 824 40 60 29","2025-04-13 07:39:09","1"
"159","Gargallo","2024-09-12 14:45:10","Ronda de Armida Almagro 8, Segovia, 12350","melisa.gargallo@gmail.com",True,"1954-12-30 00:00:00","Melisa","+34 877494466","2024-09-27 14:45:10","1"
"160","Oller","2025-03-19 16:36:24","Cañada de Inés Viñas 269, Málaga, 44408","reyes.oller@yahoo.com",True,"1979-11-20 00:00:00","Reyes","+34 887417154","2025-05-13 16:36:24","1"
"161","Morcillo","2024-10-24 18:12:24","Vial Asunción Hernandez 7 Puerta 5 , Toledo, 02668","felicidad.morcillo@yahoo.com",True,"1988-04-07 00:00:00","Felicidad","+34 900 46 66 09","2024-12-22 18:12:24","1"
"162","Falcó","2025-01-16 06:28:51","Pasadizo de Marcelo Domínguez 224 Piso 2 , Toledo, 37636","leandra.falcó@yahoo.com",True,"1966-11-17 00:00:00","Leandra","+34 923135346","2025-01-20 06:28:51","1"
"163","Muñoz","2024-07-19 05:33:37","Via de Adoración Baeza 299 Piso 3 , Soria, 26013","modesta.muñoz@yahoo.com",True,"1974-09-21 00:00:00","Modesta","+34947 022 356","2024-08-16 05:33:37","1"
"164","Seco","2025-01-14 22:19:33","Cuesta Nazaret Elorza 10, Cuenca, 14722","clotilde.seco@gmail.com",True,"2007-01-22 00:00:00","Clotilde","+34848927129","2025-03-06 22:19:33","1"
"165","Román","2024-10-02 10:56:44","Plaza de Anselmo Flores 60 Puerta 3 , Soria, 01270","toño.román@yahoo.com",True,"2004-05-04 00:00:00","Toño","+34 881 35 42 16","2024-11-26 10:56:44","1"
"166","Maza","2024-03-08 17:34:35","Cañada de Xavier Viña 785, Guipúzcoa, 33124","anita.maza@gmail.com",True,"2005-06-19 00:00:00","Anita","+34 871 260 332","2024-05-01 17:34:35","1"
"167","Almeida","2023-07-11 03:49:16","Calle de Remigio Jaume 190, Segovia, 02293","héctor.almeida@hotmail.com",True,"2001-05-10 00:00:00","Héctor","+34828676184","2023-08-15 03:49:16","1"
"168","Coronado","2025-02-02 05:38:33","Via de Gloria Viña 39 Piso 1 , Girona, 08471","ainoa.coronado@gmail.com",True,"1961-08-26 00:00:00","Ainoa","+34980 39 34 83","2025-02-08 05:38:33","1"
"169","Redondo","2025-05-08 02:07:26","Glorieta de Javiera Terrón 13, Sevilla, 06832","pepito.redondo@yahoo.com",True,"1961-12-07 00:00:00","Pepito","+34 980218114","2025-05-11 02:07:26","1"
"170","Guardia","2023-08-16 11:33:16","Calle de Cornelio Díaz 5 Piso 5 , Valencia, 08595","fidela.guardia@yahoo.com",True,"2006-01-06 00:00:00","Fidela","+34803022557","2023-09-26 11:33:16","1"
"171","Ledesma","2023-08-30 12:10:54","Rambla de Danilo Pérez 57 Piso 7 , Segovia, 11930","ester.ledesma@hotmail.com",True,"1963-06-09 00:00:00","Ester","+34 812 169 797","2023-10-03 12:10:54","1"
"172","Pino","2023-06-13 07:03:56","Cuesta de Daniel Reina 20, Segovia, 21593","gerardo.pino@yahoo.com",True,"2002-05-14 00:00:00","Gerardo","+34985 993 588","2023-08-05 07:03:56","1"
"173","Bustos","2025-01-07 08:19:30","C. de Eustaquio Ballester 3 Puerta 7 , Cáceres, 05906","javiera.bustos@yahoo.com",True,"1987-11-16 00:00:00","Javiera","+34920354083","2025-01-07 08:19:30","1"
"174","Pinedo","2024-06-24 00:21:57","Pasaje de Nicolasa Samper 8, Guadalajara, 08779","carmelita.pinedo@yahoo.com",True,"2005-02-18 00:00:00","Carmelita","+34 721 660 880","2024-06-29 00:21:57","1"
"175","Bou","2024-03-11 20:57:21","Alameda de Prudencio Ballester 67, Teruel, 44068","paola.bou@hotmail.com",True,"2003-02-20 00:00:00","Paola","+34 973113055","2024-05-09 20:57:21","1"
"176","Manzanares","2025-05-26 05:08:33","Rambla América Checa 51, Cantabria, 08913","paula.manzanares@hotmail.com",True,"1981-02-26 00:00:00","Paula","+34875735160","2025-07-13 05:08:33","1"
"177","Casal","2023-10-16 13:43:49","Plaza de Bernarda Atienza 869, Tarragona, 38916","ángeles.casal@yahoo.com",True,"2004-02-17 00:00:00","Ángeles","+34841 16 99 58","2023-12-09 13:43:49","1"
"178","Planas","2025-04-02 05:24:22","Alameda de Macario Santamaría 72 Puerta 8 , Tarragona, 36901","socorro.planas@yahoo.com",True,"1975-10-13 00:00:00","Socorro","+34 876 339 452","2025-04-17 05:24:22","1"
"179","Enríquez","2023-09-24 13:44:27","Paseo de Alexandra Rincón 146, Albacete, 25960","leocadia.enríquez@hotmail.com",True,"1958-01-11 00:00:00","Leocadia","+34807 342 442","2023-10-04 13:44:27","1"
"180","Barrios","2024-08-12 15:29:46","Acceso Odalys Santamaria 9, Valencia, 43409","primitiva.barrios@hotmail.com",True,"1980-11-18 00:00:00","Primitiva","+34879 840 666","2024-09-07 15:29:46","1"
"181","Milla","2023-10-31 23:42:48","Glorieta de Estela Salazar 95, Vizcaya, 48507","modesta.milla@hotmail.com",True,"1974-06-09 00:00:00","Modesta","+34972 212 281","2023-12-01 23:42:48","1"
"182","Armas","2024-09-09 07:18:38","Rambla Daniela Jara 6 Piso 2 , Burgos, 22143","rené.armas@yahoo.com",True,"1957-11-18 00:00:00","René","+34 901 79 85 15","2024-10-09 07:18:38","1"
"183","Gimeno","2024-02-16 11:24:42","Paseo de Brunilda Quintanilla 6, Castellón, 44472","begoña.gimeno@gmail.com",True,"1976-12-12 00:00:00","Begoña","+34927 439 878","2024-02-29 11:24:42","1"
"184","Agullo","2025-03-03 05:52:42","Urbanización Aníbal Montesinos 71 Piso 8 , Albacete, 34873","palmira.agullo@gmail.com",True,"2006-11-07 00:00:00","Palmira","+34938 87 70 43","2025-04-27 05:52:42","1"
"185","Vilaplana","2025-01-03 19:42:31","Avenida Humberto Garcés 41, Segovia, 05726","miguel ángel.vilaplana@gmail.com",True,"2001-02-07 00:00:00","Miguel Ángel","+34 846075011","2025-01-28 19:42:31","1"
"186","Enríquez","2023-09-03 14:02:02","Ronda de Román Sanmartín 66, Jaén, 45125","baltasar.enríquez@yahoo.com",True,"1990-10-25 00:00:00","Baltasar","+34 709 190 158","2023-10-30 14:02:02","1"
"187","Manjón","2023-09-17 14:59:21","Pasaje de Rico Prats 8, Murcia, 15409","curro.manjón@hotmail.com",True,"2005-03-27 00:00:00","Curro","+34943842450","2023-09-20 14:59:21","1"
"188","Cid","2025-03-26 00:59:53","Paseo de Carla Blázquez 63, La Rioja, 43331","carolina.cid@gmail.com",True,"1989-04-19 00:00:00","Carolina","+34 844223943","2025-04-05 00:59:53","1"
"189","Escudero","2023-09-11 06:45:29","Cañada Hilda Bautista 41 Puerta 9 , Guipúzcoa, 24405","darío.escudero@hotmail.com",True,"2000-02-07 00:00:00","Darío","+34 879 149 135","2023-10-05 06:45:29","1"
"190","Sanjuan","2024-12-07 21:00:31","Alameda de Tiburcio Domingo 6, Zamora, 15517","amalia.sanjuan@yahoo.com",True,"2004-10-06 00:00:00","Amalia","+34 964 52 57 77","2024-12-07 21:00:31","1"
"191","Mayoral","2024-10-06 07:01:33","Callejón Rosa María Chaves 234, Albacete, 34238","plinio.mayoral@yahoo.com",True,"1956-07-17 00:00:00","Plinio","+34 946 930 848","2024-10-30 07:01:33","1"
"192","Suarez","2023-06-11 22:05:52","Urbanización de Tatiana Manso 97 Puerta 1 , Huesca, 33910","tere.suarez@hotmail.com",True,"1999-07-07 00:00:00","Tere","+34879928272","2023-06-27 22:05:52","1"
"193","Coll","2024-07-09 22:44:06","Urbanización María Torrent 51 Piso 3 , Sevilla, 14551","gastón.coll@hotmail.com",True,"1979-01-01 00:00:00","Gastón","+34 943770051","2024-09-06 22:44:06","1"
"194","Vázquez","2024-04-13 22:06:06","C. Francisca Pinedo 29 Puerta 4 , Ceuta, 34840","juliana.vázquez@hotmail.com",True,"1978-06-08 00:00:00","Juliana","+34924 77 90 82","2024-06-02 22:06:06","1"
"195","Daza","2024-12-14 03:11:36","Vial Glauco Criado 29 Puerta 3 , Zaragoza, 22641","valerio.daza@gmail.com",True,"1962-02-18 00:00:00","Valerio","+34 978773926","2025-02-02 03:11:36","1"
"196","Hervás","2024-04-13 14:54:29","Pasadizo Aníbal Collado 3, Cádiz, 34858","alfredo.hervás@gmail.com",True,"1995-03-17 00:00:00","Alfredo","+34 724137977","2024-05-12 14:54:29","1"
"197","Gimenez","2023-09-14 09:17:14","Rambla de Lourdes Noriega 29, Jaén, 26261","francisco.gimenez@yahoo.com",True,"1961-10-22 00:00:00","Francisco","+34713886291","2023-10-02 09:17:14","1"
"198","Tamarit","2024-11-26 13:39:33","Cuesta Georgina Castillo 780, Huesca, 03846","galo.tamarit@hotmail.com",True,"1990-06-22 00:00:00","Galo","+34 953765991","2024-12-23 13:39:33","1"
"199","Cañete","2023-09-03 05:08:20","Cañada Elba Real 13, Ourense, 35245","teodoro.cañete@yahoo.com",True,"1989-10-15 00:00:00","Teodoro","+34 706356512","2023-10-17 05:08:20","1"
"200","Izaguirre","2024-06-13 10:35:51","C. de Marisol Frías 98 Piso 2 , Navarra, 37366","teodosio.izaguirre@yahoo.com",True,"1971-09-09 00:00:00","Teodosio","+34 902 95 62 13","2024-07-29 10:35:51","1"
"201","Cáceres","2023-12-25 01:02:42","Paseo de Encarna Azorin 16 Apt. 27 , Ávila, 05199","victoriano.cáceres@gmail.com",True,"1969-07-06 00:00:00","Victoriano","+34 931906698","2024-02-13 01:02:42","1"
"202","Barceló","2024-11-08 05:22:47","Glorieta Remedios Villegas 13 Puerta 8 , Salamanca, 12107","luciano.barceló@gmail.com",True,"1956-11-15 00:00:00","Luciano","+34 927 30 21 46","2024-12-13 05:22:47","1"
"203","Prats","2023-11-01 18:52:01","Avenida Carmela Luís 695, Ceuta, 40738","patricio.prats@yahoo.com",True,"1985-05-14 00:00:00","Patricio","+34945 90 42 68","2023-12-13 18:52:01","1"
"204","Belmonte","2024-06-12 01:13:47","Pasadizo José Ángel Ibáñez 86 Apt. 57 , Palencia, 02792","custodio.belmonte@hotmail.com",True,"1962-05-01 00:00:00","Custodio","+34 883 163 356","2024-07-27 01:13:47","1"
"205","Villalonga","2023-12-29 16:35:27","Cañada Ciro Pujol 91 Apt. 75 , Castellón, 38598","patricio.villalonga@hotmail.com",True,"1966-11-10 00:00:00","Patricio","+34 871 73 33 43","2024-01-29 16:35:27","1"
"206","Franco","2024-09-27 18:44:06","Via Zoraida Bermudez 19, Lugo, 25326","jenaro.franco@gmail.com",True,"1975-11-19 00:00:00","Jenaro","+34 980 947 284","2024-10-06 18:44:06","1"
"207","Girona","2024-07-10 04:41:55","Cuesta de Calixta Antúnez 356, Baleares, 46760","rómulo.girona@hotmail.com",True,"1985-09-23 00:00:00","Rómulo","+34910 03 69 15","2024-07-22 04:41:55","1"
"208","Jover","2024-11-28 22:53:05","Cuesta de Emperatriz Novoa 82, Castellón, 28465","porfirio.jover@gmail.com",True,"2005-08-09 00:00:00","Porfirio","+34935 647 292","2024-12-16 22:53:05","1"
"209","Granados","2023-09-16 03:23:18","C. de Gustavo Coello 17, La Rioja, 33741","coral.granados@gmail.com",True,"1997-05-02 00:00:00","Coral","+34 984857448","2023-09-29 03:23:18","1"
"210","Asenjo","2024-03-09 13:15:22","Glorieta Odalys Izquierdo 81, Córdoba, 24656","rosa maría.asenjo@yahoo.com",True,"1992-07-20 00:00:00","Rosa María","+34882 50 61 59","2024-03-12 13:15:22","1"
"211","Díaz","2024-04-26 07:53:02","Pasaje de Tamara Bermudez 59 Piso 2 , Santa Cruz de Tenerife, 23111","heliodoro.díaz@yahoo.com",True,"1997-05-18 00:00:00","Heliodoro","+34 946 112 535","2024-06-02 07:53:02","1"
"212","Manuel","2024-10-29 21:38:58","Pasaje de Mercedes Parejo 787 Apt. 20 , Toledo, 16376","maximiliano.manuel@hotmail.com",True,"1971-07-18 00:00:00","Maximiliano","+34822 326 111","2024-12-15 21:38:58","1"
"213","Sáenz","2025-05-27 06:44:35","Pasadizo de María Del Carmen Blanco 5, Ávila, 43915","selena.sáenz@hotmail.com",True,"1980-12-12 00:00:00","Selena","+34902334722","2025-06-30 06:44:35","1"
"214","Donaire","2024-10-09 13:46:44","Cuesta de Adelia Lladó 972 Apt. 99 , Santa Cruz de Tenerife, 50080","belen.donaire@gmail.com",True,"1992-10-18 00:00:00","Belen","+34 968845783","2024-10-12 13:46:44","1"
"215","Borrás","2024-07-23 07:37:15","Callejón de Fabricio Mateos 1 Puerta 2 , Girona, 31749","noa.borrás@yahoo.com",True,"1954-12-26 00:00:00","Noa","+34979 74 06 49","2024-09-08 07:37:15","1"
"216","Aguilar","2023-08-04 05:13:52","Paseo de Ulises Prat 72, Ceuta, 18234","jerónimo.aguilar@hotmail.com",True,"1983-02-25 00:00:00","Jerónimo","+34879 89 44 84","2023-08-24 05:13:52","1"
"217","Fabra","2023-09-29 20:55:24","Via de Febe Sarabia 874, Guadalajara, 02271","seve.fabra@gmail.com",True,"1957-10-18 00:00:00","Seve","+34 987021442","2023-10-02 20:55:24","1"
"218","Ríos","2024-03-18 03:59:53","Vial Albino Uriarte 75, Zamora, 33662","ligia.ríos@hotmail.com",True,"1985-12-21 00:00:00","Ligia","+34 745 12 04 61","2024-03-21 03:59:53","1"
"219","Soriano","2025-01-22 13:03:40","Plaza de Domingo Ibarra 47 Puerta 0 , Lleida, 49190","candelaria.soriano@gmail.com",True,"1960-10-24 00:00:00","Candelaria","+34984 37 64 52","2025-02-28 13:03:40","1"
"220","Arnal","2025-02-09 17:09:54","Cañada de Heliodoro Palomo 4 Apt. 36 , Álava, 11968","eva.arnal@hotmail.com",True,"1973-03-17 00:00:00","Eva","+34 836 30 09 79","2025-03-11 17:09:54","1"
"221","Pera","2024-11-29 10:21:31","Avenida de Itziar Nevado 1, Segovia, 11087","fabián.pera@gmail.com",True,"1990-12-02 00:00:00","Fabián","+34 827273585","2024-12-31 10:21:31","1"
"222","Ródenas","2024-07-29 05:57:04","Acceso de Lourdes Cañizares 80, Navarra, 20314","noa.ródenas@hotmail.com",True,"2001-11-07 00:00:00","Noa","+34979 392 855","2024-09-25 05:57:04","1"
"223","Solís","2025-04-19 11:42:25","Pasaje Manolo Lago 157, Toledo, 13159","lupita.solís@yahoo.com",True,"1955-09-11 00:00:00","Lupita","+34 928 935 186","2025-06-12 11:42:25","1"
"224","Zamora","2023-10-20 10:43:23","Alameda de Sebastián Montserrat 2, Alicante, 09504","goyo.zamora@hotmail.com",True,"1956-07-19 00:00:00","Goyo","+34 873 17 31 09","2023-11-22 10:43:23","1"
"225","Pont","2023-07-20 20:11:17","Acceso Ismael Belda 4 Puerta 7 , Lleida, 42872","felisa.pont@hotmail.com",True,"1978-12-24 00:00:00","Felisa","+34947 50 94 80","2023-07-30 20:11:17","1"
"226","Bejarano","2023-10-20 15:33:11","Via Luciana Guardia 463, Ourense, 41981","macarena.bejarano@yahoo.com",True,"1992-06-02 00:00:00","Macarena","+34947 19 57 61","2023-10-23 15:33:11","1"
"227","Escribano","2024-05-03 03:23:53","Paseo Eli Salazar 95 Piso 5 , Valladolid, 42500","flavio.escribano@hotmail.com",True,"2003-10-25 00:00:00","Flavio","+34 921939836","2024-06-04 03:23:53","1"
"228","Izquierdo","2023-11-23 00:55:21","Plaza de Lucila Aramburu 19 Puerta 2 , Álava, 20682","maría dolores.izquierdo@yahoo.com",True,"1969-01-14 00:00:00","María Dolores","+34910488899","2023-11-28 00:55:21","1"
"229","Busquets","2024-12-25 00:21:51","Vial Juan Manuel Pedraza 533 Piso 1 , Ourense, 15249","fabián.busquets@gmail.com",True,"1959-09-03 00:00:00","Fabián","+34 921 72 79 19","2025-02-17 00:21:51","1"
"230","Mas","2024-10-06 17:35:52","Alameda Pablo Rovira 41, Santa Cruz de Tenerife, 51948","felisa.mas@gmail.com",True,"1980-06-12 00:00:00","Felisa","+34 807480589","2024-10-17 17:35:52","1"
"231","Morillo","2023-09-26 15:48:21","C. Victor Manuel Vargas 4, Girona, 26842","eutimio.morillo@hotmail.com",True,"1963-06-01 00:00:00","Eutimio","+34 923 17 90 86","2023-09-30 15:48:21","1"
"232","Blázquez","2023-12-27 12:02:47","Cuesta Celia Figuerola 46, Ciudad, 05695","juan francisco.blázquez@yahoo.com",True,"2007-04-12 00:00:00","Juan Francisco","+34 955 91 16 65","2024-02-03 12:02:47","1"
"233","Farré","2024-03-20 01:10:45","Rambla de Pancho Salamanca 127, Cantabria, 45915","pablo.farré@yahoo.com",True,"1965-01-13 00:00:00","Pablo","+34823 103 924","2024-03-24 01:10:45","1"
"234","Nuñez","2024-09-29 14:59:57","Cuesta de Alonso Mármol 48 Apt. 88 , Navarra, 32655","alberto.nuñez@hotmail.com",True,"2004-02-03 00:00:00","Alberto","+34 844 069 804","2024-11-11 14:59:57","1"
"235","Barrena","2024-01-16 21:10:02","Pasaje Fátima Aguirre 7 Puerta 4 , Badajoz, 02250","francisco.barrena@yahoo.com",True,"1998-08-12 00:00:00","Francisco","+34942 36 81 57","2024-03-11 21:10:02","1"
"236","Borja","2024-03-03 00:47:24","Calle Jose Miguel Ávila 85 Piso 2 , Huelva, 45847","roxana.borja@gmail.com",True,"1978-08-08 00:00:00","Roxana","+34901 384 046","2024-03-18 00:47:24","1"
"237","Andreu","2024-08-21 16:15:28","Alameda Teófila Pozo 71, La Rioja, 16752","tania.andreu@hotmail.com",True,"1964-10-24 00:00:00","Tania","+34949495782","2024-09-15 16:15:28","1"
"238","Chacón","2024-07-21 15:46:40","Pasadizo de Virginia Cepeda 32, Asturias, 37525","hilario.chacón@hotmail.com",True,"2003-05-18 00:00:00","Hilario","+34 832520566","2024-07-28 15:46:40","1"
"239","Salazar","2023-11-30 01:10:24","Via Eleuterio Esteban 5, Pontevedra, 16216","marcio.salazar@hotmail.com",True,"2001-03-12 00:00:00","Marcio","+34 735 17 28 97","2024-01-29 01:10:24","1"
"240","Pereira","2023-11-08 05:44:47","Vial de Fernando Ferrando 70 Apt. 46 , Valencia, 44996","leticia.pereira@gmail.com",True,"2005-12-26 00:00:00","Leticia","+34873 12 79 75","2024-01-03 05:44:47","1"
"241","Seco","2025-03-07 01:14:25","C. Lola Milla 99 Puerta 0 , León, 30943","roxana.seco@gmail.com",True,"1957-04-22 00:00:00","Roxana","+34880 88 60 86","2025-04-12 01:14:25","1"
"242","Avilés","2025-05-05 14:23:23","Cañada de María Ángeles Macias 72 Piso 9 , Tarragona, 34880","ascensión.avilés@gmail.com",True,"1964-02-06 00:00:00","Ascensión","+34 975 718 129","2025-05-20 14:23:23","1"
"243","Cerdá","2023-09-07 15:41:09","Plaza de Gastón Santiago 237 Piso 5 , Teruel, 49055","tere.cerdá@yahoo.com",True,"1960-08-16 00:00:00","Tere","+34 828 75 18 68","2023-10-14 15:41:09","1"
"244","Cuesta","2024-01-30 02:29:38","Alameda Clarisa Conesa 32, La Rioja, 21189","emma.cuesta@yahoo.com",True,"2004-02-09 00:00:00","Emma","+34 972 421 230","2024-03-08 02:29:38","1"
"245","Isern","2023-08-04 08:52:10","Paseo de Noemí Adán 473 Puerta 7 , La Rioja, 29958","esther.isern@gmail.com",True,"1995-05-02 00:00:00","Esther","+34 703 849 830","2023-08-06 08:52:10","1"
"246","Colomer","2023-10-07 00:09:40","Calle Guadalupe Martín 11, La Rioja, 12681","gil.colomer@gmail.com",True,"2000-02-26 00:00:00","Gil","+34887 999 827","2023-11-15 00:09:40","1"
"247","Palomino","2023-09-06 11:19:57","Acceso de Tomasa Pinilla 7 Puerta 1 , Lugo, 09817","maribel.palomino@gmail.com",True,"2001-09-08 00:00:00","Maribel","+34885 58 68 33","2023-09-11 11:19:57","1"
"248","Barragán","2024-10-06 11:20:03","Ronda de Emelina Moliner 68 Apt. 99 , Melilla, 48787","emma.barragán@gmail.com",True,"1988-04-16 00:00:00","Emma","+34 980 293 430","2024-11-01 11:20:03","1"
"249","Amador","2024-11-20 15:30:18","Ronda de Artemio Múgica 48, Santa Cruz de Tenerife, 14185","diego.amador@yahoo.com",True,"1973-08-01 00:00:00","Diego","+34 882 14 48 85","2025-01-01 15:30:18","1"
"250","Aguado","2024-10-17 04:29:04","Camino de Encarnación Andres 63 Piso 7 , Zaragoza, 03330","maría fernanda.aguado@gmail.com",True,"1963-08-29 00:00:00","María Fernanda","+34 978278576","2024-11-23 04:29:04","1"
"251","Barba","2024-07-22 16:13:42","Glorieta Crescencia Mármol 31 Piso 0 , Jaén, 42059","íngrid.barba@hotmail.com",True,"1965-09-18 00:00:00","Íngrid","+34 943 29 14 50","2024-08-27 16:13:42","1"
"252","Riba","2025-02-02 09:04:16","Pasaje de Paula Mate 58, Baleares, 25524","lalo.riba@gmail.com",True,"1956-12-18 00:00:00","Lalo","+34 873 17 80 78","2025-03-07 09:04:16","1"
"253","Falcón","2025-05-27 20:40:57","Vial de María José Cabello 123 Piso 6 , Álava, 21380","fabio.falcón@yahoo.com",True,"1957-06-01 00:00:00","Fabio","+34823 57 01 84","2025-06-16 20:40:57","1"
"254","Miguel","2023-06-15 13:03:37","Glorieta Luciano Lloret 257 Piso 2 , Cuenca, 08501","alonso.miguel@hotmail.com",True,"1996-10-23 00:00:00","Alonso","+34983138585","2023-08-13 13:03:37","1"
"255","Cid","2023-07-12 21:13:22","Avenida María Nevado 370, Lugo, 45269","kike.cid@hotmail.com",True,"1961-08-17 00:00:00","Kike","+34 942 01 66 29","2023-07-28 21:13:22","1"
"256","Salmerón","2024-10-16 05:29:17","Glorieta de Leyre Bermudez 39 Apt. 71 , Granada, 45857","tatiana.salmerón@hotmail.com",True,"2002-10-01 00:00:00","Tatiana","+34 975 73 32 94","2024-10-29 05:29:17","1"
"257","Parra","2025-01-20 04:07:19","Pasaje de Amarilis Andrés 8 Apt. 57 , Cáceres, 19498","ximena.parra@yahoo.com",True,"1978-02-21 00:00:00","Ximena","+34841816158","2025-03-03 04:07:19","1"
"258","Belda","2024-08-17 06:14:15","Urbanización de Estela Hervás 727 Apt. 53 , Zamora, 29531","florentina.belda@yahoo.com",True,"1977-09-15 00:00:00","Florentina","+34988 32 19 71","2024-10-01 06:14:15","1"
"259","Sierra","2025-02-27 07:15:53","Cañada Santiago Baños 719 Piso 7 , Ávila, 15261","dora.sierra@yahoo.com",True,"1963-11-15 00:00:00","Dora","+34 622 784 699","2025-03-19 07:15:53","1"
"260","Ferrán","2023-07-22 04:04:18","Ronda de Lina Ocaña 1 Puerta 8 , Barcelona, 20279","victoriano.ferrán@gmail.com",True,"1979-07-19 00:00:00","Victoriano","+34 807 085 140","2023-08-06 04:04:18","1"
"261","Rosales","2023-10-01 12:24:19","C. de Rico Rozas 832 Apt. 38 , Huesca, 28343","joel.rosales@hotmail.com",True,"1974-01-18 00:00:00","Joel","+34 841 20 10 27","2023-10-17 12:24:19","1"
"262","Rueda","2024-03-28 12:15:24","Pasaje de Tere Roig 927, Navarra, 30494","gema.rueda@gmail.com",True,"1978-08-07 00:00:00","Gema","+34877 269 097","2024-04-22 12:15:24","1"
"263","Guzmán","2024-07-16 13:36:43","Calle de Anselmo Tomas 81 Puerta 1 , Toledo, 48926","rebeca.guzmán@hotmail.com",True,"2005-06-30 00:00:00","Rebeca","+34886781891","2024-07-24 13:36:43","1"
"264","Sureda","2025-02-12 16:36:50","Alameda Bienvenida Alba 97 Piso 9 , La Rioja, 24128","jose luis.sureda@hotmail.com",True,"1974-06-20 00:00:00","Jose Luis","+34 888 20 94 94","2025-03-26 16:36:50","1"
"265","Sáenz","2023-12-16 11:13:31","Plaza de Luciano Tormo 3, Zamora, 19209","benjamín.sáenz@hotmail.com",True,"1963-06-10 00:00:00","Benjamín","+34886 44 01 92","2024-01-26 11:13:31","1"
"266","Corbacho","2025-03-15 06:54:55","Callejón Micaela Guzman 92 Apt. 51 , Pontevedra, 11102","virginia.corbacho@hotmail.com",True,"1988-03-02 00:00:00","Virginia","+34 947 63 72 39","2025-04-03 06:54:55","1"
"267","Ochoa","2024-12-02 18:08:15","Rambla Abril Pujadas 84, Jaén, 45794","macarena.ochoa@gmail.com",True,"1980-12-18 00:00:00","Macarena","+34976 42 86 04","2024-12-31 18:08:15","1"
"268","Sanchez","2025-02-15 20:54:56","Paseo Febe Otero 59, Cuenca, 18503","áurea.sanchez@yahoo.com",True,"1961-02-08 00:00:00","Áurea","+34882 967 393","2025-03-07 20:54:56","1"
"269","Nebot","2024-12-18 00:18:24","Plaza Paz Bayo 7 Apt. 81 , Huelva, 15379","aurora.nebot@hotmail.com",True,"1973-09-12 00:00:00","Aurora","+34881 30 09 10","2025-02-15 00:18:24","1"
"270","Gaya","2024-10-28 16:51:14","Vial Remigio Esteban 3, Girona, 31602","dorotea.gaya@hotmail.com",True,"1959-07-28 00:00:00","Dorotea","+34 973 46 54 21","2024-12-15 16:51:14","1"
"271","Barrios","2024-06-19 21:16:03","Callejón Odalis Landa 27 Piso 3 , Cádiz, 43302","leonel.barrios@yahoo.com",True,"1961-10-19 00:00:00","Leonel","+34844 863 917","2024-08-17 21:16:03","1"
"272","Jove","2023-06-04 08:49:43","Camino Luisa Iglesia 80, Segovia, 42965","ligia.jove@gmail.com",True,"1956-12-29 00:00:00","Ligia","+34943 425 690","2023-06-08 08:49:43","1"
"273","Trujillo","2024-01-24 21:46:45","Paseo Jaime Acero 27 Puerta 8 , Guipúzcoa, 45684","aránzazu.trujillo@yahoo.com",True,"1981-09-06 00:00:00","Aránzazu","+34 807 15 85 17","2024-01-24 21:46:45","1"
"274","Manjón","2025-04-21 06:14:33","C. Gertrudis Feijoo 26, Madrid, 06561","martirio.manjón@hotmail.com",True,"1997-06-25 00:00:00","Martirio","+34963203093","2025-05-20 06:14:33","1"
"275","Porcel","2025-02-19 14:09:29","Plaza de Angelino Nicolau 6 Puerta 0 , Baleares, 14872","amaya.porcel@gmail.com",True,"1998-11-30 00:00:00","Amaya","+34 985782931","2025-03-30 14:09:29","1"
"276","Cid","2024-05-23 00:33:06","Urbanización Judith Castrillo 3 Puerta 0 , Zamora, 07376","angelino.cid@yahoo.com",True,"1996-01-06 00:00:00","Angelino","+34 849 911 179","2024-06-28 00:33:06","1"
"277","Giménez","2023-09-05 11:30:49","C. de Moreno Carrillo 682 Apt. 09 , Guipúzcoa, 05143","nerea.giménez@gmail.com",True,"1973-01-21 00:00:00","Nerea","+34 844 625 827","2023-09-11 11:30:49","1"
"278","Armas","2025-02-19 19:54:05","Plaza Serafina Torrens 1 Apt. 21 , La Rioja, 46449","jose francisco.armas@gmail.com",True,"2006-12-29 00:00:00","Jose Francisco","+34 977232487","2025-02-23 19:54:05","1"
"279","Haro","2024-07-19 12:16:50","Avenida de Eulalia Mascaró 16, Cantabria, 08700","sergio.haro@gmail.com",True,"1960-12-06 00:00:00","Sergio","+34927883734","2024-08-22 12:16:50","1"
"280","Ferrer","2024-09-24 19:00:02","Rambla de Feliciano Aroca 6 Piso 3 , Córdoba, 22908","balduino.ferrer@gmail.com",True,"2006-01-11 00:00:00","Balduino","+34 973 01 08 22","2024-10-07 19:00:02","1"
"281","Andres","2024-02-12 00:12:00","Pasaje Dora Moreno 63, Vizcaya, 08217","mireia.andres@yahoo.com",True,"1969-12-02 00:00:00","Mireia","+34825363631","2024-03-15 00:12:00","1"
"282","Tormo","2023-12-30 04:07:30","Pasaje Gaspar Ponce 82, Santa Cruz de Tenerife, 24500","adriana.tormo@gmail.com",True,"1968-03-06 00:00:00","Adriana","+34 923209042","2024-01-15 04:07:30","1"
"283","Solana","2025-03-30 07:48:12","Urbanización de Soraya Marquez 329, Ávila, 27980","dan.solana@yahoo.com",True,"1989-12-04 00:00:00","Dan","+34 979 39 77 40","2025-04-07 07:48:12","1"
"284","Roman","2024-06-03 06:15:20","Ronda de Cruz Girón 129, Alicante, 03625","luna.roman@hotmail.com",True,"2004-05-01 00:00:00","Luna","+34 982 068 671","2024-08-01 06:15:20","1"
"285","Valbuena","2024-01-26 11:13:15","Glorieta de Eligio Palmer 23, Lugo, 44845","víctor.valbuena@gmail.com",True,"1965-06-06 00:00:00","Víctor","+34 974 99 07 72","2024-02-17 11:13:15","1"
"286","Ramirez","2023-08-05 13:50:26","Avenida Rogelio Méndez 704 Piso 9 , Zamora, 45870","sandra.ramirez@gmail.com",True,"1996-08-22 00:00:00","Sandra","+34 923085016","2023-09-30 13:50:26","1"
"287","Solana","2024-08-27 06:51:49","Rambla de Flora Bautista 632 Apt. 81 , Valencia, 50301","pío.solana@hotmail.com",True,"2002-04-01 00:00:00","Pío","+34874355486","2024-08-31 06:51:49","1"
"288","Ballester","2024-03-15 15:23:26","Cuesta de Angélica Zurita 8 Puerta 8 , León, 41694","leonel.ballester@gmail.com",True,"2000-03-28 00:00:00","Leonel","+34 820371162","2024-05-10 15:23:26","1"
"289","Benítez","2024-04-25 00:26:42","Vial Anabel Contreras 18 Piso 6 , Lugo, 23721","luis.benítez@gmail.com",True,"1984-08-16 00:00:00","Luis","+34724 310 385","2024-05-10 00:26:42","1"
"290","Novoa","2023-09-26 21:52:54","Pasaje de Marco Catalán 52 Apt. 75 , Vizcaya, 04101","sergio.novoa@hotmail.com",True,"1978-06-13 00:00:00","Sergio","+34887 729 284","2023-10-19 21:52:54","1"
"291","Echevarría","2024-08-13 14:10:36","Via Ariel Moliner 527, Cádiz, 14445","germán.echevarría@hotmail.com",True,"2002-07-16 00:00:00","Germán","+34745 52 57 82","2024-08-31 14:10:36","1"
"292","Mata","2025-01-09 11:14:48","Vial de Álvaro Montero 90 Puerta 5 , Lugo, 19994","bibiana.mata@gmail.com",True,"1993-06-18 00:00:00","Bibiana","+34 845 975 170","2025-01-19 11:14:48","1"
"293","Caro","2024-01-05 13:35:33","Pasaje Pepe Bru 40 Puerta 8 , Zamora, 51272","emilio.caro@yahoo.com",True,"1967-09-27 00:00:00","Emilio","+34721 87 18 63","2024-02-02 13:35:33","1"
"294","Moll","2025-04-12 18:49:13","Vial de Lilia Roma 66 Apt. 45 , Granada, 30201","amor.moll@hotmail.com",True,"1992-08-06 00:00:00","Amor","+34823 37 67 42","2025-06-04 18:49:13","1"
"295","Rodrigo","2024-03-21 13:33:36","Vial Hipólito Mateos 68, Palencia, 50552","noelia.rodrigo@hotmail.com",True,"1960-06-09 00:00:00","Noelia","+34 706 462 879","2024-04-24 13:33:36","1"
"296","Cerro","2025-02-07 06:03:22","Paseo de Amor Arnal 59 Piso 8 , Ceuta, 02758","marisol.cerro@gmail.com",True,"1954-08-02 00:00:00","Marisol","+34 846447146","2025-03-24 06:03:22","1"
"297","Téllez","2024-11-17 10:59:48","Callejón América Batlle 859, Córdoba, 42156","gastón.téllez@hotmail.com",True,"1986-10-25 00:00:00","Gastón","+34 835 89 04 29","2024-12-06 10:59:48","1"
"298","Coll","2024-07-19 01:20:38","Rambla de Balduino Llamas 66, Girona, 20114","bautista.coll@yahoo.com",True,"1997-11-25 00:00:00","Bautista","+34 822 832 192","2024-08-27 01:20:38","1"
"299","Mora","2024-04-18 16:47:20","Via de Bienvenida Ortiz 30 Puerta 4 , Vizcaya, 32778","candelaria.mora@yahoo.com",True,"1977-07-30 00:00:00","Candelaria","+34847132833","2024-06-08 16:47:20","1"
"300","Zaragoza","2025-04-24 18:21:23","Avenida de Demetrio Castro 8 Piso 4 , Barcelona, 29962","natalia.zaragoza@hotmail.com",True,"1995-02-02 00:00:00","Natalia","+34 985524013","2025-06-04 18:21:23","1"
